refit_idx,date,t,mu,omega,alpha1,beta,alpha_plus_beta,raw_mu,raw_omega,raw_alpha1,raw_beta,raw_alpha_plus_beta,nu,loglikelihood,convergence_flag,optimizer_warning_count,stationarity_fallback_used
0,2007-12-31,500,0.0006789628631156081,1.104226503781767e-06,0.07720628276777891,0.8986340340754816,0.9758403168432606,0.0006789628631156081,1.104226503781767e-06,0.07720628276777891,0.8986340340754816,0.9758403168432606,6.851103866088839,-441.995599928115,0,0,0
1,2008-03-13,550,0.00064703704239286,6.219221687794436e-07,0.07408641989799289,0.9173700353333353,0.9914564552313282,0.00064703704239286,6.219221687794436e-07,0.07408641989799289,0.9173700353333353,0.9914564552313282,7.493356443403673,-525.2147856683348,0,0,0
2,2008-05-23,600,0.0006538937881835675,6.289483018903105e-07,0.06887905290097363,0.9211846962931906,0.9900637491941642,0.0006538937881835675,6.289483018903105e-07,0.06887905290097363,0.9211846962931906,0.9900637491941642,7.267243103254226,-590.8921093283617,0,0,0
3,2008-08-05,650,0.0005638505162966382,5.633922516285391e-07,0.06376189851134303,0.9272100567611028,0.9909719552724459,0.0005638505162966382,5.633922516285391e-07,0.06376189851134303,0.9272100567611028,0.9909719552724459,8.081635768674628,-645.8709746344105,0,0,0
4,2008-10-29,700,0.0005638505162966382,5.633922516285391e-07,0.06376189851134303,0.9272100567611028,0.9909719552724459,0.0005346844309737229,4.792854023069043e-07,0.08153004311822666,0.9184699568817704,0.999999999999997,7.427414716510111,-755.0273917840601,0,0,1
5,2009-01-12,750,0.0005638505162966382,5.633922516285391e-07,0.06376189851134303,0.9272100567611028,0.9909719552724459,0.0005259037708328803,5.214012330729699e-07,0.08225661845157221,0.917408601587996,0.9996652200395681,6.905782757935734,-858.9442974054866,0,0,1
6,2009-03-25,800,0.0005309948168692092,6.37147434082434e-07,0.08364378672920751,0.912409190881064,0.9960529776102715,0.0005309948168692092,6.37147434082434e-07,0.08364378672920751,0.912409190881064,0.9960529776102715,7.068858661091754,-929.7535710683844,0,0,0
7,2009-06-05,850,0.0005841654938626162,5.587114715935043e-07,0.08285144892623321,0.9154802484907735,0.9983316974170067,0.0005841654938626162,5.587114715935043e-07,0.08285144892623321,0.9154802484907735,0.9983316974170067,7.596363907561961,-1004.6734003900117,0,0,0
8,2009-08-17,900,0.0005631665541520598,5.240099653921027e-07,0.07782033323062734,0.9199560522404522,0.9977763854710795,0.0005631665541520598,5.240099653921027e-07,0.07782033323062734,0.9199560522404522,0.9977763854710795,8.025524765836108,-1074.301208901713,0,0,0
9,2009-10-27,950,0.0005917908101531617,5.166044058303837e-07,0.07526864454823864,0.9218230054609577,0.9970916500091964,0.0005917908101531617,5.166044058303837e-07,0.07526864454823864,0.9218230054609577,0.9970916500091964,8.50118368773614,-1137.8839919577445,0,0,0
10,2010-01-08,1000,0.0006157321641125583,4.769047128536415e-07,0.07335636735731077,0.9251163636014376,0.9984727309587483,0.0006157321641125583,4.769047128536415e-07,0.07335636735731077,0.9251163636014376,0.9984727309587483,8.42880640908949,-1216.0966186875035,0,0,0
11,2010-03-23,1050,0.0005989209831785415,4.999816638370678e-07,0.07191679164168235,0.9256742564810155,0.9975910481226979,0.0005989209831785415,4.999816638370678e-07,0.07191679164168235,0.9256742564810155,0.9975910481226979,8.158813203574296,-1286.308295975871,0,0,0
12,2010-06-03,1100,0.0005917024299045412,4.940571690626813e-07,0.069115395428355,0.9281692374063628,0.9972846328347178,0.0005917024299045412,4.940571690626813e-07,0.069115395428355,0.9281692374063628,0.9972846328347178,8.214002540943149,-1345.8140750003795,0,0,0
13,2010-08-13,1150,0.0005526313950555354,4.890636659268865e-07,0.06777739709779876,0.9293032896841723,0.997080686781971,0.0005526313950555354,4.890636659268865e-07,0.06777739709779876,0.9293032896841723,0.997080686781971,8.671666070751835,-1407.99138761212,0,0,0
14,2010-10-25,1200,0.0006186557062589066,4.974315276713164e-07,0.06537634289988621,0.9315734845492709,0.9969498274491572,0.0006186557062589066,4.974315276713164e-07,0.06537634289988621,0.9315734845492709,0.9969498274491572,8.168171961896673,-1462.8929562573956,0,0,0
15,2011-01-05,1250,0.0006534416969977066,4.802767383822783e-07,0.062258864222762236,0.9348173099448146,0.9970761741675769,0.0006534416969977066,4.802767383822783e-07,0.062258864222762236,0.9348173099448146,0.9970761741675769,7.905442391810077,-1526.9855611591597,0,0,0
16,2011-03-18,1300,0.0006569559393494473,4.806948639717552e-07,0.060254341798848615,0.9363378401137366,0.9965921819125851,0.0006569559393494473,4.806948639717552e-07,0.060254341798848615,0.9363378401137366,0.9965921819125851,7.940288666138904,-1584.0361365822782,0,0,0
17,2011-05-31,1350,0.0006908399078520942,4.948660035336213e-07,0.060250298390631896,0.9364824538333967,0.9967327522240286,0.0006908399078520942,4.948660035336213e-07,0.060250298390631896,0.9364824538333967,0.9967327522240286,7.761613794176255,-1647.936147356833,0,0,0
18,2011-08-10,1400,0.0006792671302742196,4.955377532664856e-07,0.058880077198067794,0.9374180521399791,0.9962981293380468,0.0006792671302742196,4.955377532664856e-07,0.058880077198067794,0.9374180521399791,0.9962981293380468,8.062995612945262,-1708.2445029604478,0,0,0
19,2011-10-20,1450,0.0006743372751370159,4.881562492112577e-07,0.06653484268411236,0.9321955941738637,0.998730436857976,0.0006743372751370159,4.881562492112577e-07,0.06653484268411236,0.9321955941738637,0.998730436857976,7.998020698672337,-1812.772348343697,0,0,0
20,2012-01-03,1500,0.0006743372751370159,4.881562492112577e-07,0.06653484268411236,0.9321955941738637,0.998730436857976,0.0006593952547833953,4.311333463396572e-07,0.06504271614875637,0.9345173064358654,0.9995600225846217,8.291119420607833,-1914.1534819034246,0,0,1
21,2012-03-15,1550,0.0006895627257689412,5.029748799378327e-07,0.06518153754335694,0.9331319714375036,0.9983135089808606,0.0006895627257689412,5.029748799378327e-07,0.06518153754335694,0.9331319714375036,0.9983135089808606,7.746720459209481,-1991.1108106512029,0,0,0
22,2012-05-25,1600,0.0006306785944251589,5.184452896298535e-07,0.06441014801726316,0.9331102509696968,0.99752039898696,0.0006306785944251589,5.184452896298535e-07,0.06441014801726316,0.9331102509696968,0.99752039898696,8.052562700147606,-2058.9157072519174,0,0,0
23,2012-08-07,1650,0.0006279811203377686,5.105022862778215e-07,0.06417121624054098,0.9339315583685945,0.9981027746091355,0.0006279811203377686,5.105022862778215e-07,0.06417121624054098,0.9339315583685945,0.9981027746091355,7.833123835850882,-2132.847540533648,0,0,0
24,2012-10-17,1700,0.0006522000415500874,5.393157926609022e-07,0.06307064951569456,0.9340839197356925,0.997154569251387,0.0006522000415500874,5.393157926609022e-07,0.06307064951569456,0.9340839197356925,0.997154569251387,7.702289739025389,-2193.3607964163502,0,0,0
25,2013-01-02,1750,0.0006180938642158584,5.395023689592839e-07,0.06238221475334254,0.934416298875967,0.9967985136293095,0.0006180938642158584,5.395023689592839e-07,0.06238221475334254,0.934416298875967,0.9967985136293095,7.785551612419051,-2251.808508320513,0,0,0
26,2013-03-15,1800,0.0006097758960408798,5.322689092562125e-07,0.060511724650717934,0.9361416969680273,0.9966534216187453,0.0006097758960408798,5.322689092562125e-07,0.060511724650717934,0.9361416969680273,0.9966534216187453,7.507035039736093,-2302.910728631348,0,0,0
27,2013-05-28,1850,0.0005989952921376814,6.128613576803292e-07,0.06071765580883283,0.9360637990627431,0.9967814548715759,0.0005989952921376814,6.128613576803292e-07,0.06071765580883283,0.9360637990627431,0.9967814548715759,6.355011118780442,-2379.279802591189,0,0,0
28,2013-08-07,1900,0.000602290660956179,6.380672437708282e-07,0.05978332492034391,0.9364761984441848,0.9962595233645287,0.000602290660956179,6.380672437708282e-07,0.05978332492034391,0.9364761984441848,0.9962595233645287,6.182959206137102,-2451.2212784210524,0,0,0
29,2013-10-17,1950,0.0006009922439399496,6.633136851550607e-07,0.05966731497284782,0.936097495603356,0.9957648105762038,0.0006009922439399496,6.633136851550607e-07,0.05966731497284782,0.936097495603356,0.9957648105762038,6.026568543993468,-2507.7052908619085,0,0,0
30,2013-12-30,2000,0.0006021044638166755,6.58521862643109e-07,0.05820295617993472,0.9371754448264478,0.9953784010063825,0.0006021044638166755,6.58521862643109e-07,0.05820295617993472,0.9371754448264478,0.9953784010063825,6.152174435567355,-2560.010582964579,0,0,0
31,2014-03-13,2050,0.0006287280092103073,6.391550929627082e-07,0.05821611261421546,0.9370432717064455,0.995259384320661,0.0006287280092103073,6.391550929627082e-07,0.05821611261421546,0.9370432717064455,0.995259384320661,6.172142864138764,-2600.6434833468675,0,0,0
32,2014-05-23,2100,0.0005754088782468377,6.590587864552637e-07,0.057470193283814835,0.9372793573482892,0.994749550632104,0.0005754088782468377,6.590587864552637e-07,0.057470193283814835,0.9372793573482892,0.994749550632104,6.282060958665045,-2650.6162786021832,0,0,0
33,2014-08-05,2150,0.0005560211632359527,5.992561724788854e-07,0.05545313267870568,0.9398364598767468,0.9952895925554525,0.0005560211632359527,5.992561724788854e-07,0.05545313267870568,0.9398364598767468,0.9952895925554525,6.056941918054033,-2691.4151609350147,0,0,0
34,2014-10-15,2200,0.00047998814383482197,5.969188764525283e-07,0.055306940089976164,0.9397781943277933,0.9950851344177695,0.00047998814383482197,5.969188764525283e-07,0.055306940089976164,0.9397781943277933,0.9950851344177695,6.146297991081345,-2731.4471199609043,0,0,0
35,2014-12-26,2250,0.0004712324342326035,6.256729609195737e-07,0.055919703443823444,0.938993663300366,0.9949133667441895,0.0004712324342326035,6.256729609195737e-07,0.055919703443823444,0.938993663300366,0.9949133667441895,6.178661397731332,-2786.3890001886252,0,0,0
36,2015-03-11,2300,0.00044448583064666554,6.294511397590484e-07,0.05538843944302443,0.9392549722244253,0.9946434116674497,0.00044448583064666554,6.294511397590484e-07,0.05538843944302443,0.9392549722244253,0.9946434116674497,6.261380590994975,-2843.4709255411085,0,0,0
37,2015-05-21,2350,0.00045728233961166474,6.300270997415913e-07,0.05449327667526963,0.9397428197295356,0.9942360964048051,0.00045728233961166474,6.300270997415913e-07,0.05449327667526963,0.9397428197295356,0.9942360964048051,6.4381460496721425,-2895.761690620979,0,0,0
38,2015-08-03,2400,0.0004190499443014022,6.248510628474598e-07,0.053238829754773995,0.9409596453308815,0.9941984750856555,0.0004190499443014022,6.248510628474598e-07,0.053238829754773995,0.9409596453308815,0.9941984750856555,6.446279079472695,-2956.3743425987614,0,0,0
39,2015-10-13,2450,0.0004153427862152415,6.473013713265283e-07,0.05353305258013731,0.9402768972061901,0.9938099497863274,0.0004153427862152415,6.473013713265283e-07,0.05353305258013731,0.9402768972061901,0.9938099497863274,6.482901371200927,-3006.934568230518,0,0,0
40,2015-12-23,2500,0.0003853789134464724,6.651840738902817e-07,0.05375559866995329,0.9399287536181578,0.993684352288111,0.0003853789134464724,6.651840738902817e-07,0.05375559866995329,0.9399287536181578,0.993684352288111,6.5291896829055425,-3066.6707849110026,0,0,0
41,2016-03-08,2550,0.000399550014234933,6.76236007612438e-07,0.053208428811508654,0.9399586349584229,0.9931670637699316,0.000399550014234933,6.76236007612438e-07,0.053208428811508654,0.9399586349584229,0.9931670637699316,6.623819857304088,-3118.233899693424,0,0,0
42,2016-05-18,2600,0.0004005024932331699,6.620619585509304e-07,0.05199425507404008,0.9410543187258192,0.9930485737998593,0.0004005024932331699,6.620619585509304e-07,0.05199425507404008,0.9410543187258192,0.9930485737998593,6.651104060217193,-3169.1051400647284,0,0,0
43,2016-07-29,2650,0.0004119153002288508,6.502747780761628e-07,0.051665503563148786,0.9413052521681751,0.9929707557313239,0.0004119153002288508,6.502747780761628e-07,0.051665503563148786,0.9413052521681751,0.9929707557313239,6.686446236741055,-3212.601879371665,0,0,0
44,2016-10-10,2700,0.0003915562939883558,6.38830351572938e-07,0.0511808657792335,0.9418609715961657,0.9930418373753992,0.0003915562939883558,6.38830351572938e-07,0.0511808657792335,0.9418609715961657,0.9930418373753992,6.644941852096529,-3252.873204038038,0,0,0
45,2016-12-20,2750,0.0003937497789246151,5.828647055518042e-07,0.049920832862211835,0.9436844903913991,0.993605323253611,0.0003937497789246151,5.828647055518042e-07,0.049920832862211835,0.9436844903913991,0.993605323253611,6.534782003116059,-3289.779023318233,0,0,0
46,2017-03-06,2800,0.000439342040718287,5.502955012551371e-07,0.04995853004803505,0.9440353192320329,0.993993849280068,0.000439342040718287,5.502955012551371e-07,0.04995853004803505,0.9440353192320329,0.993993849280068,6.487331124625566,-3323.871645680788,0,0,0
47,2017-05-16,2850,0.0004225847319641236,4.839254683120071e-07,0.04971922999608064,0.9450561116330133,0.9947753416290939,0.0004225847319641236,4.839254683120071e-07,0.04971922999608064,0.9450561116330133,0.9947753416290939,6.484120647416126,-3351.782433375086,0,0,0
48,2017-07-27,2900,0.00045539718347973007,4.207362272817318e-07,0.04864814752720493,0.9468118175295405,0.9954599650567454,0.00045539718347973007,4.207362272817318e-07,0.04864814752720493,0.9468118175295405,0.9954599650567454,6.514137228658561,-3379.837651656162,0,0,0
49,2017-10-06,2950,0.0004721244586567852,2.948185363275741e-07,0.048979858279489856,0.94849728408017,0.9974771423596598,0.0004721244586567852,2.948185363275741e-07,0.048979858279489856,0.94849728408017,0.9974771423596598,6.432973907107376,-3394.3158965545254,0,0,0
50,2017-12-18,3000,0.0004770415667976579,3.123881743160553e-07,0.048909883847031196,0.9481102652416664,0.9970201490886976,0.0004770415667976579,3.123881743160553e-07,0.048909883847031196,0.9481102652416664,0.9970201490886976,6.552423119932636,-3420.62406822136,0,0,0
51,2018-03-02,3050,0.0004992572401436923,3.635771540685034e-07,0.05184874766812357,0.9448813005117236,0.9967300481798471,0.0004992572401436923,3.635771540685034e-07,0.05184874766812357,0.9448813005117236,0.9967300481798471,6.591208096744621,-3481.01339246078,0,0,0
52,2018-05-14,3100,0.0004946727135572196,3.61934642512043e-07,0.05127049095262955,0.9451699909156246,0.9964404818682542,0.0004946727135572196,3.61934642512043e-07,0.05127049095262955,0.9451699909156246,0.9964404818682542,6.647286552106521,-3526.0194436771953,0,0,0
53,2018-07-25,3150,0.0004822411849000413,3.617621910214919e-07,0.05030309472996124,0.9461616133537433,0.9964647080837045,0.0004822411849000413,3.617621910214919e-07,0.05030309472996124,0.9461616133537433,0.9964647080837045,6.579705462691533,-3578.627005588646,0,0,0
54,2018-10-04,3200,0.0004839236594024423,3.6495992950125913e-07,0.050644789560800985,0.9456351990395254,0.9962799886003264,0.0004839236594024423,3.6495992950125913e-07,0.050644789560800985,0.9456351990395254,0.9962799886003264,6.569721739837535,-3623.465951794337,0,0,0
55,2018-12-17,3250,0.00046262239339512213,3.697893882489109e-07,0.04972618097982312,0.9465974659769973,0.9963236469568204,0.00046262239339512213,3.697893882489109e-07,0.04972618097982312,0.9465974659769973,0.9963236469568204,6.543071986741069,-3680.2141388563837,0,0,0
56,2019-03-01,3300,0.00047338559712060946,3.691086871067576e-07,0.04925293316423681,0.9470641811157255,0.9963171142799624,0.00047338559712060946,3.691086871067576e-07,0.04925293316423681,0.9470641811157255,0.9963171142799624,6.552274390193902,-3734.5574760193863,0,0,0
57,2019-05-13,3350,0.00046813759145483436,3.6800425098263305e-07,0.048531971529235884,0.9475691401869218,0.9961011117161578,0.00046813759145483436,3.6800425098263305e-07,0.048531971529235884,0.9475691401869218,0.9961011117161578,6.534110667600081,-3782.3343762077657,0,0,0
58,2019-07-24,3400,0.0004754095857446793,3.677156149691749e-07,0.04803662724512635,0.9481685343281933,0.9962051615733196,0.0004754095857446793,3.677156149691749e-07,0.04803662724512635,0.9481685343281933,0.9962051615733196,6.54075996987671,-3843.399716154266,0,0,0
59,2019-10-03,3450,0.00046894984171927433,3.667388608756047e-07,0.04762086487892886,0.9485448933699541,0.996165758248883,0.00046894984171927433,3.667388608756047e-07,0.04762086487892886,0.9485448933699541,0.996165758248883,6.574338952466918,-3899.468278498383,0,0,0
60,2019-12-13,3500,0.00048781700917211596,3.6214315193099676e-07,0.046921780616587735,0.9491247287946806,0.9960465094112683,0.00048781700917211596,3.6214315193099676e-07,0.046921780616587735,0.9491247287946806,0.9960465094112683,6.519235683490038,-3943.981579809292,0,0,0
61,2020-02-27,3550,0.0005079458051740912,3.693340487627516e-07,0.04689102410619495,0.9493429276042419,0.9962339517104368,0.0005079458051740912,3.693340487627516e-07,0.04689102410619495,0.9493429276042419,0.9962339517104368,6.41211530364828,-4002.6249436686376,0,0,0
62,2020-05-08,3600,0.0005066284622212837,4.239026798637768e-07,0.057115348652562424,0.9401693336822405,0.9972846823348029,0.0005066284622212837,4.239026798637768e-07,0.057115348652562424,0.9401693336822405,0.9972846823348029,6.323008367210589,-4136.902932533172,0,0,0
63,2020-07-21,3650,0.0005182347670226382,5.185828079900024e-07,0.05857938939107535,0.9370381206033307,0.995617509994406,0.0005182347670226382,5.185828079900024e-07,0.05857938939107535,0.9370381206033307,0.995617509994406,6.116774819186271,-4230.569459514659,0,0,0
64,2020-09-30,3700,0.0005239065261922447,4.568208904877827e-07,0.057019736013769244,0.9398081228389642,0.9968278588527334,0.0005239065261922447,4.568208904877827e-07,0.057019736013769244,0.9398081228389642,0.9968278588527334,6.108790681970127,-4338.055445231514,0,0,0
65,2020-12-10,3750,0.0005262837182089419,4.338688592856201e-07,0.05586227750106225,0.9412705184125295,0.9971327959135917,0.0005262837182089419,4.338688592856201e-07,0.05586227750106225,0.9412705184125295,0.9971327959135917,6.115223349835082,-4437.571054280325,0,0,0
66,2021-02-24,3800,0.0005285122622528818,4.715916305600167e-07,0.05618928620777449,0.9400764652192084,0.9962657514269829,0.0005285122622528818,4.715916305600167e-07,0.05618928620777449,0.9400764652192084,0.9962657514269829,6.095696077982721,-4514.252680336234,0,0,0
67,2021-05-06,3850,0.0005323415229839533,4.525402539061857e-07,0.055114806157375136,0.9415697067885507,0.9966845129459259,0.0005323415229839533,4.525402539061857e-07,0.055114806157375136,0.9415697067885507,0.9966845129459259,6.018940460973461,-4607.9663351881145,0,0,0
68,2021-07-19,3900,0.0005364719213319327,4.5916573828296803e-07,0.055478518912146245,0.9412317839954355,0.9967103029075818,0.0005364719213319327,4.5916573828296803e-07,0.055478518912146245,0.9412317839954355,0.9967103029075818,5.977892794269254,-4683.59325703664,0,0,0
69,2021-09-28,3950,0.0005314735101684679,4.5455860127494914e-07,0.054844253015124154,0.941770715392877,0.9966149684080012,0.0005314735101684679,4.5455860127494914e-07,0.054844253015124154,0.941770715392877,0.9966149684080012,6.015577454330183,-4756.57030554445,0,0,0
70,2021-12-08,4000,0.0005451191369150084,4.389513310145667e-07,0.054163159453110225,0.9428846810900909,0.9970478405432012,0.0005451191369150084,4.389513310145667e-07,0.054163159453110225,0.9428846810900909,0.9970478405432012,5.95914462767949,-4832.091901247282,0,0,0
71,2022-02-18,4050,0.0005455090157723246,4.351191740224165e-07,0.0540036074844869,0.9429303277565568,0.9969339352410437,0.0005455090157723246,4.351191740224165e-07,0.0540036074844869,0.9429303277565568,0.9969339352410437,6.058491266356191,-4906.973021066864,0,0,0
72,2022-05-03,4100,0.0005375411858227852,4.1548401718949824e-07,0.05468389822217405,0.9428680675043858,0.9975519657265598,0.0005375411858227852,4.1548401718949824e-07,0.05468389822217405,0.9428680675043858,0.9975519657265598,6.148765843918546,-4995.397748884531,0,0,0
73,2022-07-15,4150,0.0005266831682412292,4.038303512875273e-07,0.05551400440848693,0.942457671499788,0.997971675908275,0.0005266831682412292,4.038303512875273e-07,0.05551400440848693,0.942457671499788,0.997971675908275,6.206289751929024,-5096.138853159338,0,0,0
74,2022-09-26,4200,0.0005266478432195937,3.79174323979178e-07,0.05492284612281564,0.9436321213883697,0.9985549675111853,0.0005266478432195937,3.79174323979178e-07,0.05492284612281564,0.9436321213883697,0.9985549675111853,6.151205527841144,-5199.941182432298,0,0,0
75,2022-12-06,4250,0.0005266478432195937,3.79174323979178e-07,0.05492284612281564,0.9436321213883697,0.9985549675111853,0.0005276166355090001,3.5687668146619146e-07,0.05542895970994902,0.9438258937561265,0.9992548534660755,6.138505862924711,-5319.572388746781,0,0,1
76,2023-02-17,4300,0.0005298336564611407,3.730613639339835e-07,0.05520071478275867,0.9435555814563221,0.9987562962390808,0.0005298336564611407,3.730613639339835e-07,0.05520071478275867,0.9435555814563221,0.9987562962390808,6.165999730503006,-5422.287116369733,0,0,0
77,2023-05-02,4350,0.0005352903294128081,4.1021183617291676e-07,0.05740091641224861,0.9411636253605381,0.9985645417727868,0.0005352903294128081,4.1021183617291676e-07,0.05740091641224861,0.9411636253605381,0.9985645417727868,6.057996063214983,-5503.31004438178,0,0,0
78,2023-07-14,4400,0.000542500554118832,4.059780136778415e-07,0.05600015333349651,0.942240601338409,0.9982407546719055,0.000542500554118832,4.059780136778415e-07,0.05600015333349651,0.942240601338409,0.9982407546719055,6.112194853019894,-5577.318409682448,0,0,0
79,2023-09-25,4450,0.0005318333000087055,3.970487856178151e-07,0.055376805869236184,0.9428269588575148,0.998203764726751,0.0005318333000087055,3.970487856178151e-07,0.055376805869236184,0.9428269588575148,0.998203764726751,6.202430267340095,-5649.8163499668935,0,0,0
80,2023-12-05,4500,0.0005424623774615938,3.8416255767630105e-07,0.05531098066912567,0.9435568622238181,0.9988678428929437,0.0005424623774615938,3.8416255767630105e-07,0.05531098066912567,0.9435568622238181,0.9988678428929437,6.053535427028754,-5734.227579763716,0,0,0
81,2024-02-16,4550,0.0005489609764177804,3.707896383177192e-07,0.054317702007353516,0.9445954648115792,0.9989131668189327,0.0005489609764177804,3.707896383177192e-07,0.054317702007353516,0.9445954648115792,0.9989131668189327,6.084872249914925,-5830.071656679313,0,0,0
82,2024-04-30,4600,0.0005489609764177804,3.707896383177192e-07,0.054317702007353516,0.9445954648115792,0.9989131668189327,0.0005565492105097778,3.6473070660319935e-07,0.05397222100074618,0.9451300268485726,0.9991022478493188,6.023319807021456,-5927.240779222178,0,0,1
83,2024-07-12,4650,0.0005489609764177804,3.707896383177192e-07,0.054317702007353516,0.9445954648115792,0.9989131668189327,0.0005623948154727093,3.522452884785096e-07,0.053502321780707345,0.9457110898638152,0.9992134116445226,6.076172900966334,-6028.187185313236,0,0,1
84,2024-09-23,4700,0.0005489609764177804,3.707896383177192e-07,0.054317702007353516,0.9445954648115792,0.9989131668189327,0.0005645625313341123,3.345867612715332e-07,0.05321228606171464,0.9462991737387828,0.9995114598004975,6.124821197837786,-6130.857087495502,0,0,1
85,2024-12-03,4750,0.0005489609764177804,3.707896383177192e-07,0.054317702007353516,0.9445954648115792,0.9989131668189327,0.0005710444508093165,3.261993739764521e-07,0.05247805978494391,0.9471106326990212,0.9995886924839651,6.103348011521898,-6229.900793479797,0,0,1
